{
  "posts": [
    {
      "id": 1,
      "title": "json-server",
      "author": "typicode"
    },
    {
      "title": "iu",
      "id": 2
    },
    {
      "title": "ukji",
      "id": 3
    },
    {
      "title": "uko",
      "id": 4
    },
    {
      "title": "ohi",
      "id": 5
    },
    {
      "title": "uiolo",
      "id": 6
    },
    {
      "title": "khlceqw",
      "id": 7
    },
    {
      "title": "oihkl",
      "id": 8
    },
    {
      "title": "oihkl",
      "id": 9
    },
    {
      "title": "oihkl",
      "id": 10
    }
  ],
  "comments": [
    {
      "id": 1,
      "body": "some comment",
      "postId": 1
    }
  ],
  "profile": {
    "name": "typicode"
  }
}